{
  "name": "park_back",
  "intrinsic_param": {
          "affine_c": 0.9993885159492493,
          "affine_d": -0.001968872267752886,
          "affine_e": 0.0011331891873851418,
          "cam2world": [
              -415.59051513671875,
              0.0,
              0.00030896771932020783,
              2.665979934590723e-07,
              9.592398403368563e-11
          ],
          "cam2world_len": 5,
          "camera_height": 1536,
          "camera_model": 2,
          "camera_width": 1920,
          "center": [
              962.0431518554688,
              767.0467529296875
          ],
          "distortion_model": "polynomial coefficients",
          "principal_point": [
              962.0431518554688,
              767.0467529296875
          ],
          "world2cam": [
              833.7103881835938,
              644.5541381835938,
              56.50870895385742,
              60.171661376953125,
              81.00350952148438,
              -2.54229998588562,
              12.574666023254395,
              50.28359603881836,
              0.6264700889587402,
              -37.67005920410156,
              -22.255470275878906,
              -3.9789979457855225
          ],
          "world2cam_len": 12
      }
}
