{
  "name": "park_front",
  "intrinsic_param": {
    "camera_model": 2,
    "camera_width": 1920,
    "camera_height": 1536,
    "principal_point": [
      961.44189453125,
      764.6656494140625
    ],
    "center": [
      961.44189453125,
      764.6656494140625
    ],
    "affine_c": 0.9988817572593689,
    "affine_d": 0.00048447417793795466,
    "affine_e": -0.000787204597145319,
    "cam2world": [
      -414.9294128417969,
      0.0,
      0.0003165224625263363,
      2.5380396095897595e-07,
      1.1088343437881676e-10
    ],
    "cam2world_len": 5,
    "world2cam": [
      829.33251953125,
      637.10107421875,
      51.23870849609375,
      58.38129425048828,
      80.20258331298828,
      -4.643816947937012,
      10.809462547302246,
      51.23932647705078,
      3.196411371231079,
      -35.826011657714844,
      -21.63343048095703,
      -3.894087314605713
    ],
    "world2cam_len": 12,
    "distortion_model": "polynomial coefficients"
  }
}
