{
    "extrinsic_param": {
        "front_wide": {  //相机名称
            "rotation": [ //相机 对于body的旋转向量 rad
                -1.2075861051657242,
                1.2278736528188638,
                -1.2295683609456423
            ],
            "translation": [//相机 在body坐标系下的位移 m
                0.2588300740110458,
                0.10964751898628906,
                0.80
            ]
        },
        "front_narrow": {
            "rotation": [
                -1.2208080451775292,
                1.226978557258592,
                -1.1807027274913786
            ],
            "translation": [
                0.2637053564021399,
                -0.20050560785733504,
                0.80
            ]
        },
        "park_front": {
            "rotation": [
                -1.20919958,
                1.20919958,
                -1.20919958
            ],
            "translation": [
                0.265,
                0.055,
                0.80
            ]
        },
        "park_left": {
            "rotation": [
                -1.57079633,
                0,
                0
            ],
            "translation": [
                0.01,
                -0.145,
                0.80
            ]
        },
        "park_right": {
            "rotation": [-0.00000000000, -2.22144146908, 2.22144146908],
            "translation": [
                0.01,
                0.215,
                0.80
            ]
        },
        "park_back": {
            "rotation": [-1.20919957616, -1.20919957616, 1.20919957616],
            "translation": [
                -0.25,
                0.055,
                0.80
            ]
        }
    }
}