{
  "name": "park_right",
  "intrinsic_param": {
    "affine_c": 0.9994632601737976,
    "affine_d": -0.00475206458941102,
    "affine_e": 0.003907124511897564,
    "cam2world": [
        -414.7611389160156,
        0.0,
        0.00031905676587484777,
        2.4755834715506353e-07,
        1.1728321092085991e-10
    ],
    "cam2world_len": 5,
    "camera_height": 1536,
    "camera_model": 2,
    "camera_width": 1920,
    "center": [
        961.2838745117188,
        769.9578247070313
    ],
    "distortion_model": "polynomial coefficients",
    "principal_point": [
        961.2838745117188,
        769.9578247070313
    ],
    "world2cam": [
        828.27880859375,
        634.862060546875,
        48.95379638671875,
        57.525447845458984,
        80.13668060302734,
        -5.43673038482666,
        10.372100830078125,
        51.83797836303711,
        3.399855852127075,
        -36.34246826171875,
        -22.024389266967773,
        -3.9742586612701416
    ],
    "world2cam_len": 12
}
}
