{
    "extrinsic_param": {
        "park_front": {
            "rotation": [-1.27092, 1.18781, -1.2517],
            "translation": [0.277493, 0.109151, 0.790148]
        },
        "park_left": {
            "rotation": [-1.58089, -0.00623787, -0.0181311],
            "translation": [-0.17465, 0.192494, 0.798018]
        },
        "park_back": {
            "rotation": [-1.21479, -1.21479, 1.2056],
            "translation": [-0.256063, -0.060942, 0.79808]
        },
        "park_right": {
            "rotation": [0.00571171, -2.25513, 2.18217],
            "translation": [-0.0729004, -0.24611, 0.798144]
        }
    }
}
