{
  "name": "park_left",
  "intrinsic_param": {
    "affine_c": 0.9995630979537964,
    "affine_d": 0.0019433645065873861,
    "affine_e": -0.001698987907730043,
    "cam2world": [
        -415.1253662109375,
        0.0,
        0.000315588345983997,
        2.516646020467306e-07,
        1.0889317225704076e-10
    ],
    "cam2world_len": 5,
    "camera_height": 1536,
    "camera_model": 2,
    "camera_width": 1920,
    "center": [
        960.9080200195313,
        763.8196411132813
    ],
    "distortion_model": "polynomial coefficients",
    "principal_point": [
        960.9080200195313,
        763.8196411132813
    ],
    "world2cam": [
        831.6505126953125,
        640.8753662109375,
        52.304176330566406,
        57.913272857666016,
        81.07627868652344,
        -4.109622955322266,
        10.39148998260498,
        51.21787643432617,
        2.9666152000427246,
        -36.65400314331055,
        -22.204242706298828,
        -4.014123439788818
    ],
    "world2cam_len": 12
  }
}
